app_name,c
"Google Play services",19214796
"Media Storage",14559237
Gmail,2370160
Google+,1654348
"Android System",1302247
Hangouts,1130545
"Contacts Storage",537446
"Calendar Storage",474210
"Download Manager",386339
Facebook,384790
"Clean Master",282189
"Google Play Music",255316
"Amazon Kindle",235580
PocketCare,232861
Email,225920
Twitter,224768
Gallery,223487
YouTube,213604
Fitbit,194229
"Phone/Messaging Stor",191086
Keep,155717
ESPN,152140
QQ,141493
Messenger,140887
"360 Security",139442
"Google Play Store",139413
WhatsApp,137617
"SwiftKey Keyboard",131983
Start,131030
TED,122733
"Pocket Casts",119764
Amazon,111192
KakaoTalk,107863
Calendar,105956
"Google App",97817
Fit,96326
Tinder,95263
Piazza,88461
LINE,85474
PhotoWonder,73715
"United Airlines",47874
Drive,46412
Pocket,45057
Maps,44009
Pandora,39784
"News & Weather",37086
Viki,36602
"My TWC",36491
Clock,35891
"User Dictionary",32913
Docs,28255
Timely,22971
"NFL Now",22331
æœç‹—è¾“å…¥æ³•,21163
Starbucks,19964
"Picasa Uploader",19326
"Yahoo Mail",19184
Weibo,19051
WatchESPN,18964
"Google Search",16459
"Battery Stats Plus",15552
"Google Partner Setup",14734
Yelp,14581
"Google Keyboard",13965
"Google Voice",13663
Dropbox,13582
Wunderlist,12960
"Google Play Movies &",12516
"The Weather Channel",10897
Superuser,10407
Slickdeals,10193
"Amazon Music",10056
LinkedIn,10034
"CityMaps2Go Pro",9056
Inbox,8845
Mint,7645
"Google Play Books",7455
"Google Services Fram",7099
Firefox,7021
SoundCloud,7009
"Bluetooth Share",6562
Finance,6419
Dialer,6197
Wallet,6103
Eventbrite,6043
"Microsoft Health",4894
"Settings Storage",4853
Discover,4737
Saavn,4631
Bing,4052
"Square Register",3995
Patriots,3704
NaverAppstore,3571
Viber,3504
"Baidu Browser",3488
"Key Ring",3437
Chrome,3325
"SpeakTribe Spanish",3048
"Remember The Milk",2820
Fandango,2777
Spotify,2765
Airbnb,2562
IF,2456
OneDrive,2398
"Minion Rush",2373
"Key Chain",2161
JuiceSSH,2103
AccuWeather,1994
"Fly Delta",1982
Birthdays,1898
Foursquare,1881
Appstore,1807
Pinterest,1623
SleepBot,1554
"Fire TV",1507
"Nova Launcher",1469
"Sound Search for Goo",1369
ëª¬ìŠ¤í„°ê¸¸ë“¤ì´ê¸,1357
Aviate,1235
"GPS Status",1223
iFont,1185
"Titanium Backup",1120
Fusion,1078
"TuneIn Radio Pro",908
USAA,856
PayPal,807
Swarm,736
Evernote,733
CamCard,720
Betterment,686
"ì„±ê²½ê³¼ ë…¸íŠ¸",611
"GEICO Mobile",599
"Update Device",595
WeChat,513
Splitwise,507
"SignalCheck Lite",482
"Stack Exchange",464
"Naver Cafe",453
"NPR One",420
Automatic,398
LastPass,374
BharatMatrimony,373
Solitaire,333
Documents,306
SoundHound,305
Translate,304
"Google Sky Map",276
COMEDY,266
"Wifi Analyzer",210
Pushbullet,203
Newegg,182
"Moon+ Reader Pro",179
Slack,165
Muzei,155
"Adobe Reader",146
Supercuts,145
Flipkart,134
BuzzFeed,111
QPython,104
NinJump,100
"My Tracks",98
"3 Kingdoms",72
"KBS kong",71
Quickoffice,65
"Firefox Beta",63
"Ananda - Conscious H",62
"LTE Discovery",53
WordWeb,50
Speedtest,37
"Google Play Newsstan",30
"MX Player Pro",22
VLC,20
KakaoStory,18
Weather,17
PlayerPro,14
"Barcode Scanner",5
"CWC 2015",5
"Candy Crush Saga",4
"Office Mobile",4
